GeographyKey,Country,City,State,Postal Code,Region,Person
1,United States,Henderson,Kentucky,42420,South,Cassandra Brandow
2,United States,Los Angeles,California,90036,West,Anna Andreadi
3,United States,Fort Lauderdale,Florida,33311,South,Cassandra Brandow
4,United States,Los Angeles,California,90032,West,Anna Andreadi
5,United States,Concord,North Carolina,28027,South,Cassandra Brandow
6,United States,Seattle,Washington,98103,West,Anna Andreadi
7,United States,Fort Worth,Texas,76106,Central,Kelly Williams
8,United States,Madison,Wisconsin,53711,Central,Kelly Williams
9,United States,West Jordan,Utah,84084,West,Anna Andreadi
10,United States,San Francisco,California,94109,West,Anna Andreadi
11,United States,Fremont,Nebraska,68025,Central,Kelly Williams
12,United States,Philadelphia,Pennsylvania,19140,East,Chuck Magee
13,United States,Orem,Utah,84057,West,Anna Andreadi
14,United States,Los Angeles,California,90049,West,Anna Andreadi
15,United States,Houston,Texas,77095,Central,Kelly Williams
16,United States,Richardson,Texas,75080,Central,Kelly Williams
17,United States,Houston,Texas,77041,Central,Kelly Williams
18,United States,Naperville,Illinois,60540,Central,Kelly Williams
19,United States,Melbourne,Florida,32935,South,Cassandra Brandow
20,United States,Eagan,Minnesota,55122,Central,Kelly Williams
21,United States,Westland,Michigan,48185,Central,Kelly Williams
22,United States,Dover,Delaware,19901,East,Chuck Magee
23,United States,New Albany,Indiana,47150,Central,Kelly Williams
24,United States,New York City,New York,10024,East,Chuck Magee
25,United States,Troy,New York,12180,East,Chuck Magee
26,United States,Los Angeles,California,90004,West,Anna Andreadi
27,United States,Chicago,Illinois,60610,Central,Kelly Williams
28,United States,Gilbert,Arizona,85234,West,Anna Andreadi
29,United States,Springfield,Virginia,22153,South,Cassandra Brandow
30,United States,New York City,New York,10009,East,Chuck Magee
31,United States,Jackson,Michigan,49201,Central,Kelly Williams
32,United States,Memphis,Tennessee,38109,South,Cassandra Brandow
33,United States,Houston,Texas,77070,Central,Kelly Williams
34,United States,Decatur,Alabama,35601,South,Cassandra Brandow
35,United States,San Francisco,California,94122,West,Anna Andreadi
36,United States,Durham,North Carolina,27707,South,Cassandra Brandow
37,United States,Chicago,Illinois,60623,Central,Kelly Williams
38,United States,Columbia,South Carolina,29203,South,Cassandra Brandow
39,United States,Rochester,Minnesota,55901,Central,Kelly Williams
40,United States,Minneapolis,Minnesota,55407,Central,Kelly Williams
41,United States,Portland,Oregon,97206,West,Anna Andreadi
42,United States,Saint Paul,Minnesota,55106,Central,Kelly Williams
43,United States,Aurora,Colorado,80013,West,Anna Andreadi
44,United States,Charlotte,North Carolina,28205,South,Cassandra Brandow
45,United States,Orland Park,Illinois,60462,Central,Kelly Williams
46,United States,New York City,New York,10035,East,Chuck Magee
47,United States,Urbandale,Iowa,50322,Central,Kelly Williams
48,United States,Columbus,Ohio,43229,East,Chuck Magee
49,United States,Bristol,Tennessee,37620,South,Cassandra Brandow
50,United States,Wilmington,Delaware,19805,East,Chuck Magee
51,United States,Bloomington,Illinois,61701,Central,Kelly Williams
52,United States,Phoenix,Arizona,85023,West,Anna Andreadi
53,United States,Roseville,California,95661,West,Anna Andreadi
54,United States,Independence,Missouri,64055,Central,Kelly Williams
55,United States,Pasadena,California,91104,West,Anna Andreadi
56,United States,Newark,Ohio,43055,East,Chuck Magee
57,United States,Franklin,Wisconsin,53132,Central,Kelly Williams
58,United States,Scottsdale,Arizona,85254,West,Anna Andreadi
59,United States,San Jose,California,95123,West,Anna Andreadi
60,United States,Seattle,Washington,98105,West,Anna Andreadi
61,United States,Seattle,Washington,98115,West,Anna Andreadi
62,United States,Edmond,Oklahoma,73034,Central,Kelly Williams
63,United States,Los Angeles,California,90045,West,Anna Andreadi
64,United States,Philadelphia,Pennsylvania,19134,East,Chuck Magee
65,United States,Carlsbad,New Mexico,88220,West,Anna Andreadi
66,United States,San Antonio,Texas,78207,Central,Kelly Williams
67,United States,Houston,Texas,77036,Central,Kelly Williams
68,United States,Decatur,Illinois,62521,Central,Kelly Williams
69,United States,Monroe,Louisiana,71203,South,Cassandra Brandow
70,United States,Fairfield,Connecticut,6824,East,Chuck Magee
71,United States,Grand Prairie,Texas,75051,Central,Kelly Williams
72,United States,Redlands,California,92374,West,Anna Andreadi
73,United States,Hamilton,Ohio,45011,East,Chuck Magee
74,United States,Westfield,New Jersey,7090,East,Chuck Magee
75,United States,Philadelphia,Pennsylvania,19120,East,Chuck Magee
76,United States,Akron,Ohio,44312,East,Chuck Magee
77,United States,Denver,Colorado,80219,West,Anna Andreadi
78,United States,Dallas,Texas,75220,Central,Kelly Williams
79,United States,Franklin,Tennessee,37064,South,Cassandra Brandow
80,United States,Whittier,California,90604,West,Anna Andreadi
81,United States,Saginaw,Michigan,48601,Central,Kelly Williams
82,United States,Medina,Ohio,44256,East,Chuck Magee
83,United States,Dublin,Ohio,43017,East,Chuck Magee
84,United States,Detroit,Michigan,48227,Central,Kelly Williams
85,United States,Columbia,Tennessee,38401,South,Cassandra Brandow
86,United States,Tampa,Florida,33614,South,Cassandra Brandow
87,United States,Santa Clara,California,95051,West,Anna Andreadi
88,United States,Lakeville,Minnesota,55044,Central,Kelly Williams
89,United States,San Diego,California,92037,West,Anna Andreadi
90,United States,Pasadena,Texas,77506,Central,Kelly Williams
91,United States,Brentwood,California,94513,West,Anna Andreadi
92,United States,Chapel Hill,North Carolina,27514,South,Cassandra Brandow
93,United States,Morristown,New Jersey,7960,East,Chuck Magee
94,United States,Cincinnati,Ohio,45231,East,Chuck Magee
95,United States,San Francisco,California,94110,West,Anna Andreadi
96,United States,Inglewood,California,90301,West,Anna Andreadi
97,United States,Tamarac,Florida,33319,South,Cassandra Brandow
98,United States,Colorado Springs,Colorado,80906,West,Anna Andreadi
99,United States,Belleville,New Jersey,7109,East,Chuck Magee
100,United States,Taylor,Michigan,48180,Central,Kelly Williams
101,United States,Lakewood,New Jersey,8701,East,Chuck Magee
102,United States,Arlington,Virginia,22204,South,Cassandra Brandow
103,United States,Arvada,Colorado,80004,West,Anna Andreadi
104,United States,Hackensack,New Jersey,7601,East,Chuck Magee
105,United States,Saint Petersburg,Florida,33710,South,Cassandra Brandow
106,United States,Philadelphia,Pennsylvania,19143,East,Chuck Magee
107,United States,Long Beach,California,90805,West,Anna Andreadi
108,United States,Hesperia,California,92345,West,Anna Andreadi
109,United States,Murfreesboro,Tennessee,37130,South,Cassandra Brandow
110,United States,Layton,Utah,84041,West,Anna Andreadi
111,United States,Austin,Texas,78745,Central,Kelly Williams
112,United States,Lowell,Massachusetts,1852,East,Chuck Magee
113,United States,Columbus,Georgia,31907,South,Cassandra Brandow
114,United States,Manchester,Connecticut,6040,East,Chuck Magee
115,United States,Harlingen,Texas,78550,Central,Kelly Williams
116,United States,Tucson,Arizona,85705,West,Anna Andreadi
117,United States,Quincy,Illinois,62301,Central,Kelly Williams
118,United States,Franklin,Massachusetts,2038,East,Chuck Magee
119,United States,Pembroke Pines,Florida,33024,South,Cassandra Brandow
120,United States,Des Moines,Washington,98198,West,Anna Andreadi
121,United States,Peoria,Illinois,61604,Central,Kelly Williams
122,United States,Las Vegas,Nevada,89115,West,Anna Andreadi
123,United States,Warwick,Rhode Island,2886,East,Chuck Magee
124,United States,Miami,Florida,33180,South,Cassandra Brandow
125,United States,Wilmington,North Carolina,28403,South,Cassandra Brandow
126,United States,Huntington Beach,California,92646,West,Anna Andreadi
127,United States,Richmond,Kentucky,40475,South,Cassandra Brandow
128,United States,Louisville,Colorado,80027,West,Anna Andreadi
129,United States,Lawrence,Massachusetts,1841,East,Chuck Magee
130,United States,Jackson,Mississippi,39212,South,Cassandra Brandow
131,United States,Canton,Michigan,48187,Central,Kelly Williams
132,United States,New Rochelle,New York,10801,East,Chuck Magee
133,United States,Gastonia,North Carolina,28052,South,Cassandra Brandow
134,United States,Jacksonville,Florida,32216,South,Cassandra Brandow
135,United States,Columbus,Indiana,47201,Central,Kelly Williams
136,United States,Auburn,New York,13021,East,Chuck Magee
137,United States,Norman,Oklahoma,73071,Central,Kelly Williams
138,United States,Concord,California,94521,West,Anna Andreadi
139,United States,Park Ridge,Illinois,60068,Central,Kelly Williams
140,United States,Amarillo,Texas,79109,Central,Kelly Williams
141,United States,Lindenhurst,New York,11757,East,Chuck Magee
142,United States,Los Angeles,California,90008,West,Anna Andreadi
143,United States,San Diego,California,92024,West,Anna Andreadi
144,United States,Huntsville,Texas,77340,Central,Kelly Williams
145,United States,Rochester,New York,14609,East,Chuck Magee
146,United States,Fayetteville,Arkansas,72701,South,Cassandra Brandow
147,United States,Costa Mesa,California,92627,West,Anna Andreadi
148,United States,Parker,Colorado,80134,West,Anna Andreadi
149,United States,Atlanta,Georgia,30318,South,Cassandra Brandow
150,United States,Gladstone,Missouri,64118,Central,Kelly Williams
151,United States,Great Falls,Montana,59405,West,Anna Andreadi
152,United States,Detroit,Michigan,48234,Central,Kelly Williams
153,United States,Lakeland,Florida,33801,South,Cassandra Brandow
154,United States,Montgomery,Alabama,36116,South,Cassandra Brandow
155,United States,Mesa,Arizona,85204,West,Anna Andreadi
156,United States,Chicago,Illinois,60653,Central,Kelly Williams
157,United States,Green Bay,Wisconsin,54302,Central,Kelly Williams
158,United States,Springfield,Ohio,45503,East,Chuck Magee
159,United States,Anaheim,California,92804,West,Anna Andreadi
160,United States,Marysville,Washington,98270,West,Anna Andreadi
161,United States,Salem,Oregon,97301,West,Anna Andreadi
162,United States,Laredo,Texas,78041,Central,Kelly Williams
163,United States,Dallas,Texas,75217,Central,Kelly Williams
164,United States,Grove City,Ohio,43123,East,Chuck Magee
165,United States,New York City,New York,10011,East,Chuck Magee
166,United States,Dearborn,Michigan,48126,Central,Kelly Williams
167,United States,Warner Robins,Georgia,31088,South,Cassandra Brandow
168,United States,Vallejo,California,94591,West,Anna Andreadi
169,United States,Mission Viejo,California,92691,West,Anna Andreadi
170,United States,Rochester Hills,Michigan,48307,Central,Kelly Williams
171,United States,Plainfield,New Jersey,7060,East,Chuck Magee
172,United States,Sierra Vista,Arizona,85635,West,Anna Andreadi
173,United States,Vancouver,Washington,98661,West,Anna Andreadi
174,United States,Aurora,Illinois,60505,Central,Kelly Williams
175,United States,Arlington,Texas,76017,Central,Kelly Williams
176,United States,Louisville,Kentucky,40214,South,Cassandra Brandow
177,United States,Dallas,Texas,75081,Central,Kelly Williams
178,United States,Cleveland,Ohio,44105,East,Chuck Magee
179,United States,Tyler,Texas,75701,Central,Kelly Williams
180,United States,Burlington,North Carolina,27217,South,Cassandra Brandow
181,United States,Waynesboro,Virginia,22980,South,Cassandra Brandow
182,United States,Chester,Pennsylvania,19013,East,Chuck Magee
183,United States,Cary,North Carolina,27511,South,Cassandra Brandow
184,United States,Palm Coast,Florida,32137,South,Cassandra Brandow
185,United States,Mount Vernon,New York,10550,East,Chuck Magee
186,United States,Detroit,Michigan,48205,Central,Kelly Williams
187,United States,Hialeah,Florida,33012,South,Cassandra Brandow
188,United States,Oceanside,New York,11572,East,Chuck Magee
189,United States,San Diego,California,92105,West,Anna Andreadi
190,United States,Evanston,Illinois,60201,Central,Kelly Williams
191,United States,Trenton,Michigan,48183,Central,Kelly Williams
192,United States,Cottage Grove,Minnesota,55016,Central,Kelly Williams
193,United States,Bossier City,Louisiana,71111,South,Cassandra Brandow
194,United States,Des Moines,Iowa,50315,Central,Kelly Williams
195,United States,Lancaster,California,93534,West,Anna Andreadi
196,United States,Richmond,Virginia,23223,South,Cassandra Brandow
197,United States,Asheville,North Carolina,28806,South,Cassandra Brandow
198,United States,Lake Elsinore,California,92530,West,Anna Andreadi
199,United States,Omaha,Nebraska,68104,Central,Kelly Williams
200,United States,Edmonds,Washington,98026,West,Anna Andreadi
201,United States,Santa Ana,California,92704,West,Anna Andreadi
202,United States,Milwaukee,Wisconsin,53209,Central,Kelly Williams
203,United States,Florence,Kentucky,41042,South,Cassandra Brandow
204,United States,Lorain,Ohio,44052,East,Chuck Magee
205,United States,Linden,New Jersey,7036,East,Chuck Magee
206,United States,Salinas,California,93905,West,Anna Andreadi
207,United States,New Brunswick,New Jersey,8901,East,Chuck Magee
208,United States,Lancaster,Pennsylvania,17602,East,Chuck Magee
209,United States,Concord,New Hampshire,3301,East,Chuck Magee
210,United States,Columbia,Maryland,21044,East,Chuck Magee
211,United States,Garland,Texas,75043,Central,Kelly Williams
212,United States,Norwich,Connecticut,6360,East,Chuck Magee
213,United States,Alexandria,Virginia,22304,South,Cassandra Brandow
214,United States,Toledo,Ohio,43615,East,Chuck Magee
215,United States,Farmington,New Mexico,87401,West,Anna Andreadi
216,United States,Riverside,California,92503,West,Anna Andreadi
217,United States,Torrance,California,90503,West,Anna Andreadi
218,United States,Round Rock,Texas,78664,Central,Kelly Williams
219,United States,Oceanside,California,92054,West,Anna Andreadi
220,United States,Boca Raton,Florida,33433,South,Cassandra Brandow
221,United States,Virginia Beach,Virginia,23464,South,Cassandra Brandow
222,United States,Murrieta,California,92563,West,Anna Andreadi
223,United States,Jacksonville,North Carolina,28540,South,Cassandra Brandow
224,United States,Burlington,Iowa,52601,Central,Kelly Williams
225,United States,Olympia,Washington,98502,West,Anna Andreadi
226,United States,Washington,District of Columbia,20016,East,Chuck Magee
227,United States,Jefferson City,Missouri,65109,Central,Kelly Williams
228,United States,Saint Peters,Missouri,63376,Central,Kelly Williams
229,United States,Rockford,Illinois,61107,Central,Kelly Williams
230,United States,Miami,Florida,33142,South,Cassandra Brandow
231,United States,Brownsville,Texas,78521,Central,Kelly Williams
232,United States,Yonkers,New York,10701,East,Chuck Magee
233,United States,Oakland,California,94601,West,Anna Andreadi
234,United States,Monroe,North Carolina,28110,South,Cassandra Brandow
235,United States,Clinton,Maryland,20735,East,Chuck Magee
236,United States,Encinitas,California,92024,West,Anna Andreadi
237,United States,Roswell,Georgia,30076,South,Cassandra Brandow
238,United States,Jonesboro,Arkansas,72401,South,Cassandra Brandow
239,United States,Richmond,Indiana,47374,Central,Kelly Williams
240,United States,Antioch,California,94509,West,Anna Andreadi
241,United States,Homestead,Florida,33030,South,Cassandra Brandow
242,United States,La Porte,Indiana,46350,Central,Kelly Williams
243,United States,Lansing,Michigan,48911,Central,Kelly Williams
244,United States,Cuyahoga Falls,Ohio,44221,East,Chuck Magee
245,United States,Reno,Nevada,89502,West,Anna Andreadi
246,United States,Harrisonburg,Virginia,22801,South,Cassandra Brandow
247,United States,Escondido,California,92025,West,Anna Andreadi
248,United States,Royal Oak,Michigan,48073,Central,Kelly Williams
249,United States,Rockville,Maryland,20852,East,Chuck Magee
250,United States,Coral Springs,Florida,33065,South,Cassandra Brandow
251,United States,Buffalo,New York,14215,East,Chuck Magee
252,United States,Boynton Beach,Florida,33437,South,Cassandra Brandow
253,United States,Gulfport,Mississippi,39503,South,Cassandra Brandow
254,United States,Fresno,California,93727,West,Anna Andreadi
255,United States,Greenville,North Carolina,27834,South,Cassandra Brandow
256,United States,Long Beach,New York,11561,East,Chuck Magee
257,United States,Florence,Alabama,35630,South,Cassandra Brandow
258,United States,Macon,Georgia,31204,South,Cassandra Brandow
259,United States,Cedar Rapids,Iowa,52402,Central,Kelly Williams
260,United States,Providence,Rhode Island,2908,East,Chuck Magee
261,United States,Pueblo,Colorado,81001,West,Anna Andreadi
262,United States,Fairfield,California,94533,West,Anna Andreadi
263,United States,Deltona,Florida,32725,South,Cassandra Brandow
264,United States,Murray,Kentucky,42071,South,Cassandra Brandow
265,United States,Middletown,Connecticut,6457,East,Chuck Magee
266,United States,Freeport,New York,11520,East,Chuck Magee
267,United States,Pico Rivera,California,90660,West,Anna Andreadi
268,United States,Provo,Utah,84604,West,Anna Andreadi
269,United States,Pleasant Grove,Utah,84062,West,Anna Andreadi
270,United States,Smyrna,Georgia,30080,South,Cassandra Brandow
271,United States,Salem,Virginia,24153,South,Cassandra Brandow
272,United States,Parma,Ohio,44134,East,Chuck Magee
273,United States,Mobile,Alabama,36608,South,Cassandra Brandow
274,United States,New Bedford,Massachusetts,2740,East,Chuck Magee
275,United States,Irving,Texas,75061,Central,Kelly Williams
276,United States,Vineland,New Jersey,8360,East,Chuck Magee
277,United States,Glendale,Arizona,85301,West,Anna Andreadi
278,United States,Niagara Falls,New York,14304,East,Chuck Magee
279,United States,Thomasville,North Carolina,27360,South,Cassandra Brandow
280,United States,Westminster,California,92683,West,Anna Andreadi
281,United States,Jackson,Tennessee,38301,South,Cassandra Brandow
282,United States,Coppell,Texas,75019,Central,Kelly Williams
283,United States,Pomona,California,91767,West,Anna Andreadi
284,United States,North Las Vegas,Nevada,89031,West,Anna Andreadi
285,United States,Allentown,Pennsylvania,18103,East,Chuck Magee
286,United States,Newark,Delaware,19711,East,Chuck Magee
287,United States,Tempe,Arizona,85281,West,Anna Andreadi
288,United States,Laguna Niguel,California,92677,West,Anna Andreadi
289,United States,Bridgeton,New Jersey,8302,East,Chuck Magee
290,United States,Everett,Massachusetts,2149,East,Chuck Magee
291,United States,Watertown,New York,13601,East,Chuck Magee
292,United States,Appleton,Wisconsin,54915,Central,Kelly Williams
293,United States,Bellevue,Washington,98006,West,Anna Andreadi
294,United States,Allen,Texas,75002,Central,Kelly Williams
295,United States,El Paso,Texas,79907,Central,Kelly Williams
296,United States,Grapevine,Texas,76051,Central,Kelly Williams
297,United States,Carrollton,Texas,75007,Central,Kelly Williams
298,United States,Smyrna,Tennessee,37167,South,Cassandra Brandow
299,United States,Kent,Washington,98031,West,Anna Andreadi
300,United States,Lafayette,Louisiana,70506,South,Cassandra Brandow
301,United States,Tigard,Oregon,97224,West,Anna Andreadi
302,United States,Skokie,Illinois,60076,Central,Kelly Williams
303,United States,Plano,Texas,75023,Central,Kelly Williams
304,United States,Suffolk,Virginia,23434,South,Cassandra Brandow
305,United States,Indianapolis,Indiana,46203,Central,Kelly Williams
306,United States,Bayonne,New Jersey,7002,East,Chuck Magee
307,United States,Fayetteville,North Carolina,28314,South,Cassandra Brandow
308,United States,Greensboro,North Carolina,27405,South,Cassandra Brandow
309,United States,Baltimore,Maryland,21215,East,Chuck Magee
310,United States,Kenosha,Wisconsin,53142,Central,Kelly Williams
311,United States,Olathe,Kansas,66062,Central,Kelly Williams
312,United States,Auburn,Washington,98002,West,Anna Andreadi
313,United States,Tulsa,Oklahoma,74133,Central,Kelly Williams
314,United States,Redmond,Oregon,97756,West,Anna Andreadi
315,United States,Raleigh,North Carolina,27604,South,Cassandra Brandow
316,United States,Muskogee,Oklahoma,74403,Central,Kelly Williams
317,United States,Meriden,Connecticut,6450,East,Chuck Magee
318,United States,Bowling Green,Kentucky,42104,South,Cassandra Brandow
319,United States,South Bend,Indiana,46614,Central,Kelly Williams
320,United States,Bristol,Connecticut,6010,East,Chuck Magee
321,United States,Henderson,Nevada,89015,West,Anna Andreadi
322,United States,Spokane,Washington,99207,West,Anna Andreadi
323,United States,Keller,Texas,76248,Central,Kelly Williams
324,United States,Fairfield,Ohio,45014,East,Chuck Magee
325,United States,Port Orange,Florida,32127,South,Cassandra Brandow
326,United States,Medford,Oregon,97504,West,Anna Andreadi
327,United States,Charlottesville,Virginia,22901,South,Cassandra Brandow
328,United States,Missoula,Montana,59801,West,Anna Andreadi
329,United States,Miami,Florida,33178,South,Cassandra Brandow
330,United States,Florence,South Carolina,29501,South,Cassandra Brandow
331,United States,Springfield,Oregon,97477,West,Anna Andreadi
332,United States,Apopka,Florida,32712,South,Cassandra Brandow
333,United States,Reading,Pennsylvania,19601,East,Chuck Magee
334,United States,Broomfield,Colorado,80020,West,Anna Andreadi
335,United States,Springfield,Missouri,65807,Central,Kelly Williams
336,United States,Paterson,New Jersey,7501,East,Chuck Magee
337,United States,Oklahoma City,Oklahoma,73120,Central,Kelly Williams
338,United States,Chesapeake,Virginia,23320,South,Cassandra Brandow
339,United States,Lubbock,Texas,79424,Central,Kelly Williams
340,United States,Columbia,Missouri,65203,Central,Kelly Williams
341,United States,Johnson City,Tennessee,37604,South,Cassandra Brandow
342,United States,Auburn,Alabama,36830,South,Cassandra Brandow
343,United States,San Bernardino,California,92404,West,Anna Andreadi
344,United States,Leominster,Massachusetts,1453,East,Chuck Magee
345,United States,Bozeman,Montana,59715,West,Anna Andreadi
346,United States,Peoria,Arizona,85345,West,Anna Andreadi
347,United States,Lakewood,Ohio,44107,East,Chuck Magee
348,United States,Perth Amboy,New Jersey,8861,East,Chuck Magee
349,United States,Ontario,California,91761,West,Anna Andreadi
350,United States,Rancho Cucamonga,California,91730,West,Anna Andreadi
351,United States,Moorhead,Minnesota,56560,Central,Kelly Williams
352,United States,Mesquite,Texas,75150,Central,Kelly Williams
353,United States,Stockton,California,95207,West,Anna Andreadi
354,United States,Ormond Beach,Florida,32174,South,Cassandra Brandow
355,United States,Sunnyvale,California,94086,West,Anna Andreadi
356,United States,Dover,New Hampshire,3820,East,Chuck Magee
357,United States,York,Pennsylvania,17403,East,Chuck Magee
358,United States,College Station,Texas,77840,Central,Kelly Williams
359,United States,Saint Louis,Missouri,63116,Central,Kelly Williams
360,United States,Quincy,Massachusetts,2169,East,Chuck Magee
361,United States,Manteca,California,95336,West,Anna Andreadi
362,United States,Kent,Ohio,44240,East,Chuck Magee
363,United States,San Angelo,Texas,76903,Central,Kelly Williams
364,United States,Salt Lake City,Utah,84106,West,Anna Andreadi
365,United States,Huntsville,Alabama,35810,South,Cassandra Brandow
366,United States,Knoxville,Tennessee,37918,South,Cassandra Brandow
367,United States,Little Rock,Arkansas,72209,South,Cassandra Brandow
368,United States,Lincoln Park,Michigan,48146,Central,Kelly Williams
369,United States,Marion,Ohio,43302,East,Chuck Magee
370,United States,Littleton,Colorado,80122,West,Anna Andreadi
371,United States,Burlington,Vermont,Unknown,East,Chuck Magee
372,United States,Bangor,Maine,4401,East,Chuck Magee
373,United States,Southaven,Mississippi,38671,South,Cassandra Brandow
374,United States,New Castle,Indiana,47362,Central,Kelly Williams
375,United States,Midland,Michigan,48640,Central,Kelly Williams
376,United States,Sioux Falls,South Dakota,57103,Central,Kelly Williams
377,United States,Fort Collins,Colorado,80525,West,Anna Andreadi
378,United States,Lafayette,Indiana,47905,Central,Kelly Williams
379,United States,Clarksville,Tennessee,37042,South,Cassandra Brandow
380,United States,Sacramento,California,95823,West,Anna Andreadi
381,United States,Thousand Oaks,California,91360,West,Anna Andreadi
382,United States,Malden,Massachusetts,2148,East,Chuck Magee
383,United States,Holyoke,Massachusetts,1040,East,Chuck Magee
384,United States,Albuquerque,New Mexico,87105,West,Anna Andreadi
385,United States,Sparks,Nevada,89431,West,Anna Andreadi
386,United States,Coachella,California,92236,West,Anna Andreadi
387,United States,Elmhurst,Illinois,60126,Central,Kelly Williams
388,United States,Passaic,New Jersey,7055,East,Chuck Magee
389,United States,North Charleston,South Carolina,29406,South,Cassandra Brandow
390,United States,Newport News,Virginia,23602,South,Cassandra Brandow
391,United States,Jamestown,New York,14701,East,Chuck Magee
392,United States,Mishawaka,Indiana,46544,Central,Kelly Williams
393,United States,Bowling Green,Ohio,43402,East,Chuck Magee
394,United States,La Quinta,California,92253,West,Anna Andreadi
395,United States,Tallahassee,Florida,32303,South,Cassandra Brandow
396,United States,Nashville,Tennessee,37211,South,Cassandra Brandow
397,United States,Bellingham,Washington,98226,West,Anna Andreadi
398,United States,Woodstock,Illinois,60098,Central,Kelly Williams
399,United States,Haltom City,Texas,76117,Central,Kelly Williams
400,United States,Wheeling,Illinois,60090,Central,Kelly Williams
401,United States,Summerville,South Carolina,29483,South,Cassandra Brandow
402,United States,Hot Springs,Arkansas,71901,South,Cassandra Brandow
403,United States,Englewood,Colorado,80112,West,Anna Andreadi
404,United States,Lancaster,Ohio,43130,East,Chuck Magee
405,United States,Las Cruces,New Mexico,88001,West,Anna Andreadi
406,United States,Hoover,Alabama,35244,South,Cassandra Brandow
407,United States,Frisco,Texas,75034,Central,Kelly Williams
408,United States,Vacaville,California,95687,West,Anna Andreadi
409,United States,Murray,Utah,84107,West,Anna Andreadi
410,United States,Waukesha,Wisconsin,53186,Central,Kelly Williams
411,United States,Bakersfield,California,93309,West,Anna Andreadi
412,United States,Pompano Beach,Florida,33068,South,Cassandra Brandow
413,United States,Troy,Ohio,45373,East,Chuck Magee
414,United States,Corpus Christi,Texas,78415,Central,Kelly Williams
415,United States,Redondo Beach,California,90278,West,Anna Andreadi
416,United States,Orlando,Florida,32839,South,Cassandra Brandow
417,United States,Orange,New Jersey,7050,East,Chuck Magee
418,United States,Lake Charles,Louisiana,70601,South,Cassandra Brandow
419,United States,Highland Park,Illinois,60035,Central,Kelly Williams
420,United States,Hempstead,New York,11550,East,Chuck Magee
421,United States,Noblesville,Indiana,46060,Central,Kelly Williams
422,United States,Apple Valley,Minnesota,55124,Central,Kelly Williams
423,United States,Mount Pleasant,South Carolina,29464,South,Cassandra Brandow
424,United States,Sterling Heights,Michigan,48310,Central,Kelly Williams
425,United States,Eau Claire,Wisconsin,54703,Central,Kelly Williams
426,United States,Pharr,Texas,78577,Central,Kelly Williams
427,United States,Billings,Montana,59102,West,Anna Andreadi
428,United States,Gresham,Oregon,97030,West,Anna Andreadi
429,United States,Chattanooga,Tennessee,37421,South,Cassandra Brandow
430,United States,Meridian,Idaho,83642,West,Anna Andreadi
431,United States,Apple Valley,California,92307,West,Anna Andreadi
432,United States,Bolingbrook,Illinois,60440,Central,Kelly Williams
433,United States,Maple Grove,Minnesota,55369,Central,Kelly Williams
434,United States,Woodland,California,95695,West,Anna Andreadi
435,United States,Missouri City,Texas,77489,Central,Kelly Williams
436,United States,Pearland,Texas,77581,Central,Kelly Williams
437,United States,San Mateo,California,94403,West,Anna Andreadi
438,United States,Grand Rapids,Michigan,49505,Central,Kelly Williams
439,United States,Visalia,California,93277,West,Anna Andreadi
440,United States,Overland Park,Kansas,66212,Central,Kelly Williams
441,United States,Temecula,California,92592,West,Anna Andreadi
442,United States,Yucaipa,California,92399,West,Anna Andreadi
443,United States,Revere,Massachusetts,2151,East,Chuck Magee
444,United States,Conroe,Texas,77301,Central,Kelly Williams
445,United States,Tinley Park,Illinois,60477,Central,Kelly Williams
446,United States,Dubuque,Iowa,52001,Central,Kelly Williams
447,United States,Dearborn Heights,Michigan,48127,Central,Kelly Williams
448,United States,Santa Fe,New Mexico,87505,West,Anna Andreadi
449,United States,Hickory,North Carolina,28601,South,Cassandra Brandow
450,United States,Carol Stream,Illinois,60188,Central,Kelly Williams
451,United States,Saint Cloud,Minnesota,56301,Central,Kelly Williams
452,United States,North Miami,Florida,33161,South,Cassandra Brandow
453,United States,Lawrence,Indiana,46226,Central,Kelly Williams
454,United States,Plantation,Florida,33317,South,Cassandra Brandow
455,United States,Port Saint Lucie,Florida,34952,South,Cassandra Brandow
456,United States,Rock Hill,South Carolina,29730,South,Cassandra Brandow
457,United States,Odessa,Texas,79762,Central,Kelly Williams
458,United States,West Allis,Wisconsin,53214,Central,Kelly Williams
459,United States,Chula Vista,California,91911,West,Anna Andreadi
460,United States,Manhattan,Kansas,66502,Central,Kelly Williams
461,United States,Altoona,Pennsylvania,16602,East,Chuck Magee
462,United States,Thornton,Colorado,80229,West,Anna Andreadi
463,United States,Champaign,Illinois,61821,Central,Kelly Williams
464,United States,Bloomington,Indiana,47401,Central,Kelly Williams
465,United States,Texarkana,Arkansas,71854,South,Cassandra Brandow
466,United States,Edinburg,Texas,78539,Central,Kelly Williams
467,United States,Baytown,Texas,77520,Central,Kelly Williams
468,United States,Greenwood,Indiana,46142,Central,Kelly Williams
469,United States,Lakewood,California,90712,West,Anna Andreadi
470,United States,Woonsocket,Rhode Island,2895,East,Chuck Magee
471,United States,Superior,Wisconsin,54880,Central,Kelly Williams
472,United States,Bedford,Texas,76021,Central,Kelly Williams
473,United States,Covington,Washington,98042,West,Anna Andreadi
474,United States,Broken Arrow,Oklahoma,74012,Central,Kelly Williams
475,United States,Miramar,Florida,33023,South,Cassandra Brandow
476,United States,Hollywood,Florida,33021,South,Cassandra Brandow
477,United States,Deer Park,Texas,77536,Central,Kelly Williams
478,United States,Wichita,Kansas,67212,Central,Kelly Williams
479,United States,Mcallen,Texas,78501,Central,Kelly Williams
480,United States,Iowa City,Iowa,52240,Central,Kelly Williams
481,United States,Boise,Idaho,83704,West,Anna Andreadi
482,United States,Cranston,Rhode Island,2920,East,Chuck Magee
483,United States,Freeport,Illinois,61032,Central,Kelly Williams
484,United States,Port Arthur,Texas,77642,Central,Kelly Williams
485,United States,Citrus Heights,California,95610,West,Anna Andreadi
486,United States,The Colony,Texas,75056,Central,Kelly Williams
487,United States,Redmond,Washington,98052,West,Anna Andreadi
488,United States,Daytona Beach,Florida,32114,South,Cassandra Brandow
489,United States,Bullhead City,Arizona,86442,West,Anna Andreadi
490,United States,Portage,Indiana,46368,Central,Kelly Williams
491,United States,Fargo,North Dakota,58103,Central,Kelly Williams
492,United States,Elkhart,Indiana,46514,Central,Kelly Williams
493,United States,San Gabriel,California,91776,West,Anna Andreadi
494,United States,Margate,Florida,33063,South,Cassandra Brandow
495,United States,Sandy Springs,Georgia,30328,South,Cassandra Brandow
496,United States,Mentor,Ohio,44060,East,Chuck Magee
497,United States,Lawton,Oklahoma,73505,Central,Kelly Williams
498,United States,Hampton,Virginia,23666,South,Cassandra Brandow
499,United States,Rome,New York,13440,East,Chuck Magee
500,United States,La Crosse,Wisconsin,54601,Central,Kelly Williams
501,United States,Lewiston,Idaho,83501,West,Anna Andreadi
502,United States,Hattiesburg,Mississippi,39401,South,Cassandra Brandow
503,United States,Danville,California,94526,West,Anna Andreadi
504,United States,Mount Pleasant,Michigan,48858,Central,Kelly Williams
505,United States,Logan,Utah,84321,West,Anna Andreadi
506,United States,Waterbury,Connecticut,6708,East,Chuck Magee
507,United States,Athens,Georgia,30605,South,Cassandra Brandow
508,United States,Lewiston,Maine,4240,East,Chuck Magee
509,United States,Danville,Illinois,61832,Central,Kelly Williams
510,United States,Avondale,Arizona,85323,West,Anna Andreadi
511,United States,Marietta,Georgia,30062,South,Cassandra Brandow
512,United States,Yuma,Arizona,85364,West,Anna Andreadi
513,United States,Wausau,Wisconsin,54401,Central,Kelly Williams
514,United States,Pasco,Washington,99301,West,Anna Andreadi
515,United States,Oak Park,Illinois,60302,Central,Kelly Williams
516,United States,Pensacola,Florida,32503,South,Cassandra Brandow
517,United States,League City,Texas,77573,Central,Kelly Williams
518,United States,Gaithersburg,Maryland,20877,East,Chuck Magee
519,United States,Lehi,Utah,84043,West,Anna Andreadi
520,United States,Tuscaloosa,Alabama,35401,South,Cassandra Brandow
521,United States,Moreno Valley,California,92553,West,Anna Andreadi
522,United States,Georgetown,Kentucky,40324,South,Cassandra Brandow
523,United States,Loveland,Colorado,80538,West,Anna Andreadi
524,United States,Chandler,Arizona,85224,West,Anna Andreadi
525,United States,Helena,Montana,59601,West,Anna Andreadi
526,United States,Kirkwood,Missouri,63122,Central,Kelly Williams
527,United States,Waco,Texas,76706,Central,Kelly Williams
528,United States,Roseville,Michigan,48066,Central,Kelly Williams
529,United States,Frankfort,Illinois,60423,Central,Kelly Williams
530,United States,Bethlehem,Pennsylvania,18018,East,Chuck Magee
531,United States,Roseville,Minnesota,55113,Central,Kelly Williams
532,United States,Grand Island,Nebraska,68801,Central,Kelly Williams
533,United States,Woodbury,Minnesota,55125,Central,Kelly Williams
534,United States,Oak Park,Michigan,48237,Central,Kelly Williams
535,United States,Rogers,Arkansas,72756,South,Cassandra Brandow
536,United States,Clovis,New Mexico,88101,West,Anna Andreadi
537,United States,Jupiter,Florida,33458,South,Cassandra Brandow
538,United States,Santa Barbara,California,93101,West,Anna Andreadi
539,United States,Cedar Hill,Texas,75104,Central,Kelly Williams
540,United States,Norfolk,Nebraska,68701,Central,Kelly Williams
541,United States,Draper,Utah,84020,West,Anna Andreadi
542,United States,Ann Arbor,Michigan,48104,Central,Kelly Williams
543,United States,La Mesa,California,91941,West,Anna Andreadi
544,United States,Pocatello,Idaho,83201,West,Anna Andreadi
545,United States,Holland,Michigan,49423,Central,Kelly Williams
546,United States,Milford,Connecticut,6460,East,Chuck Magee
547,United States,Buffalo Grove,Illinois,60089,Central,Kelly Williams
548,United States,Lake Forest,California,92630,West,Anna Andreadi
549,United States,Redding,California,96003,West,Anna Andreadi
550,United States,Chico,California,95928,West,Anna Andreadi
551,United States,Utica,New York,13501,East,Chuck Magee
552,United States,Conway,Arkansas,72032,South,Cassandra Brandow
553,United States,Cheyenne,Wyoming,82001,West,Anna Andreadi
554,United States,Owensboro,Kentucky,42301,South,Cassandra Brandow
555,United States,Caldwell,Idaho,83605,West,Anna Andreadi
556,United States,Kenner,Louisiana,70065,South,Cassandra Brandow
557,United States,Nashua,New Hampshire,3060,East,Chuck Magee
558,United States,Bartlett,Tennessee,38134,South,Cassandra Brandow
559,United States,Redwood City,California,94061,West,Anna Andreadi
560,United States,Lebanon,Tennessee,37087,South,Cassandra Brandow
561,United States,Santa Maria,California,93454,West,Anna Andreadi
562,United States,Des Plaines,Illinois,60016,Central,Kelly Williams
563,United States,Longview,Washington,98632,West,Anna Andreadi
564,United States,Hendersonville,Tennessee,37075,South,Cassandra Brandow
565,United States,Waterloo,Iowa,50701,Central,Kelly Williams
566,United States,Cambridge,Massachusetts,2138,East,Chuck Magee
567,United States,Palatine,Illinois,60067,Central,Kelly Williams
568,United States,Beverly,Massachusetts,1915,East,Chuck Magee
569,United States,Eugene,Oregon,97405,West,Anna Andreadi
570,United States,Oxnard,California,93030,West,Anna Andreadi
571,United States,Renton,Washington,98059,West,Anna Andreadi
572,United States,Glenview,Illinois,60025,Central,Kelly Williams
573,United States,Delray Beach,Florida,33445,South,Cassandra Brandow
574,United States,Commerce City,Colorado,80022,West,Anna Andreadi
575,United States,Texas City,Texas,77590,Central,Kelly Williams
576,United States,Wilson,North Carolina,27893,South,Cassandra Brandow
577,United States,Rio Rancho,New Mexico,87124,West,Anna Andreadi
578,United States,Goldsboro,North Carolina,27534,South,Cassandra Brandow
579,United States,Everett,Washington,98208,West,Anna Andreadi
580,United States,Montebello,California,90640,West,Anna Andreadi
581,United States,El Cajon,California,92020,West,Anna Andreadi
582,United States,Beaumont,Texas,77705,Central,Kelly Williams
583,United States,West Palm Beach,Florida,33407,South,Cassandra Brandow
584,United States,Abilene,Texas,79605,Central,Kelly Williams
585,United States,Normal,Illinois,61761,Central,Kelly Williams
586,United States,Saint Charles,Missouri,63301,Central,Kelly Williams
587,United States,Saint Charles,Illinois,60174,Central,Kelly Williams
588,United States,Camarillo,California,93010,West,Anna Andreadi
589,United States,Hillsboro,Oregon,97123,West,Anna Andreadi
590,United States,Burbank,California,91505,West,Anna Andreadi
591,United States,Modesto,California,95351,West,Anna Andreadi
592,United States,Garden City,Kansas,67846,Central,Kelly Williams
593,United States,Atlantic City,New Jersey,8401,East,Chuck Magee
594,United States,Longmont,Colorado,80501,West,Anna Andreadi
595,United States,Davis,California,95616,West,Anna Andreadi
596,United States,Wheeling,West Virginia,26003,East,Chuck Magee
597,United States,Morgan Hill,California,95037,West,Anna Andreadi
598,United States,Clifton,New Jersey,7011,East,Chuck Magee
599,United States,Sheboygan,Wisconsin,53081,Central,Kelly Williams
600,United States,East Point,Georgia,30344,South,Cassandra Brandow
601,United States,Rapid City,South Dakota,57701,Central,Kelly Williams
602,United States,Andover,Massachusetts,1810,East,Chuck Magee
603,United States,Kissimmee,Florida,34741,South,Cassandra Brandow
604,United States,Shelton,Connecticut,6484,East,Chuck Magee
605,United States,Danbury,Connecticut,6810,East,Chuck Magee
606,United States,Marion,Iowa,52302,Central,Kelly Williams
607,United States,Sanford,Florida,32771,South,Cassandra Brandow
608,United States,San Marcos,Texas,78666,Central,Kelly Williams
609,United States,Greeley,Colorado,80634,West,Anna Andreadi
610,United States,Mansfield,Texas,76063,Central,Kelly Williams
611,United States,Elyria,Ohio,44035,East,Chuck Magee
612,United States,Twin Falls,Idaho,83301,West,Anna Andreadi
613,United States,Coral Gables,Florida,33134,South,Cassandra Brandow
614,United States,Romeoville,Illinois,60441,Central,Kelly Williams
615,United States,Marlborough,Massachusetts,1752,East,Chuck Magee
616,United States,Laurel,Maryland,20707,East,Chuck Magee
617,United States,Bryan,Texas,77803,Central,Kelly Williams
618,United States,Pine Bluff,Arkansas,71603,South,Cassandra Brandow
619,United States,Aberdeen,South Dakota,57401,Central,Kelly Williams
620,United States,Hagerstown,Maryland,21740,East,Chuck Magee
621,United States,East Orange,New Jersey,7017,East,Chuck Magee
622,United States,Arlington Heights,Illinois,60004,Central,Kelly Williams
623,United States,Oswego,Illinois,60543,Central,Kelly Williams
624,United States,Coon Rapids,Minnesota,55433,Central,Kelly Williams
625,United States,San Clemente,California,92672,West,Anna Andreadi
626,United States,Dublin,California,94568,West,Anna Andreadi
627,United States,San Luis Obispo,California,93405,West,Anna Andreadi
628,United States,Springdale,Arkansas,72762,South,Cassandra Brandow
629,United States,Lodi,California,95240,West,Anna Andreadi
630,United States,La Porte,Texas,77571,Central,Kelly Williams
631,United States,Mason,Ohio,45040,East,Chuck Magee
632,United States,Woodstock,Georgia,30188,South,Cassandra Brandow
